<?xml version="1.0" encoding="UTF-8"?>
<project-private xmlns="http://www.netbeans.org/ns/project-private/1">
    <editor-bookmarks xmlns="http://www.netbeans.org/ns/editor-bookmarks/1"/>
    <editor-bookmarks xmlns="http://www.netbeans.org/ns/editor-bookmarks/2" lastBookmarkId="0"/>
    <open-files xmlns="http://www.netbeans.org/ns/projectui-open-files/2">
        <group name="Set Game"/>
        <group>
            <file>file:/Users/jake/Documents/cse264/MiniHTTPServer/src/edu/lehigh/cse264/Main.java</file>
        </group>
    </open-files>
</project-private>
